<?xml version="1.0" encoding="utf-8"?>
<edmx:Edmx Version="1.0"
    xmlns:edmx="http://schemas.microsoft.com/ado/2007/06/edmx"
    xmlns:m="http://schemas.microsoft.com/ado/2007/08/dataservices/metadata"
    xmlns:sap="http://www.sap.com/Protocols/SAPData">
    <edmx:DataServices m:DataServiceVersion="2.0">
        <Schema Namespace="ZDEMO_SEARCH_HELP_SRV" xml:lang="uk" sap:schema-version="1"
            xmlns="http://schemas.microsoft.com/ado/2008/09/edm">
            <EntityType Name="EmployeeSearch" sap:content-version="1">
                <Key>
                    <PropertyRef Name="Nachn"/>
                    <PropertyRef Name="Vorna"/>
                </Key>
                <Property Name="Nachn" Type="Edm.String" Nullable="false" MaxLength="40" sap:label="Прізвище" sap:creatable="false" sap:updatable="false" sap:sortable="false" sap:filterable="false"/>
                <Property Name="Vorna" Type="Edm.String" Nullable="false" MaxLength="40" sap:label="Ім'я" sap:creatable="false" sap:updatable="false" sap:sortable="false" sap:filterable="false"/>
                <Property Name="Titel" Type="Edm.String" Nullable="false" MaxLength="15" sap:label="Ученая степень" sap:creatable="false" sap:updatable="false" sap:sortable="false" sap:filterable="false"/>
                <Property Name="Gbdat" Type="Edm.DateTime" Nullable="false" Precision="7" sap:label="ДатаНародж" sap:creatable="false" sap:updatable="false" sap:sortable="false" sap:filterable="false"/>
                <Property Name="Pernr" Type="Edm.String" Nullable="false" MaxLength="8" sap:label="Табельный номер" sap:creatable="false" sap:updatable="false" sap:sortable="false"/>
                <Property Name="Begda0002" Type="Edm.DateTime" Nullable="false" Precision="7" sap:label="Дійсне з" sap:creatable="false" sap:updatable="false" sap:sortable="false" sap:filterable="false"/>
                <Property Name="Endda0002" Type="Edm.DateTime" Nullable="false" Precision="7" sap:label="Дійсне по" sap:creatable="false" sap:updatable="false" sap:sortable="false" sap:filterable="false"/>
            </EntityType>
            <EntityType Name="ASRPROCESS" sap:content-version="1">
                <Key>
                    <PropertyRef Name="Process"/>
                </Key>
                <Property Name="Process" Type="Edm.String" Nullable="false" MaxLength="32" sap:label="Процесс" sap:creatable="false" sap:updatable="false" sap:sortable="false" sap:filterable="false"/>
                <Property Name="Description" Type="Edm.String" Nullable="false" MaxLength="60" sap:label="Назва процесу" sap:creatable="false" sap:updatable="false" sap:sortable="false" sap:filterable="false"/>
            </EntityType>
            <EntityContainer Name="ZDEMO_SEARCH_HELP_SRV_Entities" m:IsDefaultEntityContainer="true" sap:supported-formats="atom json xlsx">
                <EntitySet Name="EmployeeSearchSet" EntityType="ZDEMO_SEARCH_HELP_SRV.EmployeeSearch" sap:creatable="false" sap:updatable="false" sap:deletable="false" sap:searchable="true" sap:pageable="false" sap:addressable="false" sap:content-version="1"/>
                <EntitySet Name="ASRPROCESSSet" EntityType="ZDEMO_SEARCH_HELP_SRV.ASRPROCESS" sap:creatable="false" sap:updatable="false" sap:deletable="false" sap:pageable="false" sap:content-version="1"/>
            </EntityContainer>
            <atom:link rel="self" href="./sap/ZDEMO_SEARCH_HELP_SRV/$metadata"
                xmlns:atom="http://www.w3.org/2005/Atom"/>
                <atom:link rel="latest-version" href="./sap/ZDEMO_SEARCH_HELP_SRV/$metadata"
                    xmlns:atom="http://www.w3.org/2005/Atom"/>
                </Schema>
            </edmx:DataServices>
        </edmx:Edmx>