{
  "projectType": [
    "sap.watt.uitools.ide.fiori",
    "sap.watt.saptoolsets.fiori.project.ui5template.smartProject",
    "com.watt.common.builder.sapui5clientbuild"
  ],
  "build": {
    "targetFolder": "dist",
    "sourceFolder": "webapp",
    "excludedFolders": [
      "test"
    ],
    "buildRequired": false,
    "lastBuildDateTime": "Wed, 25 May 2016 10:24:51 GMT"
  },
  "generation": [
    {
      "templateId": "ui5template.smarttemplate",
      "templateVersion": "1.0.0",
      "dateTimeStamp": "Mon, 23 May 2016 12:09:02 GMT"
    }
  ],
  "codeCheckingTriggers": {
    "notifyBeforePush": true,
    "notifyBeforePushLevel": "Error",
    "blockPush": false,
    "blockPushLevel": "Error"
  },
  "mockpreview": {
    "mockUri": "/sap/opu/odata/sap/ZDEMO_SEARCH_HELP_SRV/",
    "metadataFilePath": "localService/metadata.xml",
    "loadJSONFiles": false,
    "loadCustomRequests": false,
    "mockRequestsFilePath": ""
  },
  "translation": {
    "translationDomain": "",
    "supportedLanguages": "en,fr,de",
    "defaultLanguage": "en",
    "defaultI18NPropertyFile": "i18n.properties",
    "resourceModelName": "i18n"
  },
  "basevalidator": {
    "services": {
      "xml": "fioriXmlAnalysis",
      "js": "fioriJsValidator"
    }
  },
  "deploy": {
    "destination": "erd_ninelle",
    "name": "ztest_pr_create"
  }
}