{
  "run": [
    {
      "filePath": "/index.html",
      "previewMode": 1,
      "dataMode": 1,
      "workspace": "withoutWorkspace",
      "ui5ActiveVersion": null,
      "ui5VerSource": null,
      "isDefaultVersion": 0,
      "urlParameters": [],
      "urlParametersNotNeeded": false,
      "hashParameter": "",
      "backendSystem": [],
      "_metadata": {
        "id": 5233345,
        "runnerId": "webapprunner",
        "displayName": "Configuration"
      }
    },
    {
      "filePath": "/webapp/test/flpSandbox.html",
      "previewMode": 1,
      "dataMode": 1,
      "workspace": "withoutWorkspace",
      "ui5ActiveVersion": null,
      "ui5VerSource": null,
      "isDefaultVersion": 0,
      "urlParameters": [],
      "hashParameter": "",
      "backendSystem": [],
      "_metadata": {
        "id": 4307138,
        "runnerId": "webapprunner",
        "displayName": "Run flpSandbox.html"
      }
    }
  ]
}